{
  "ticker": "BTC-USD",
  "lora_rank": 8,
  "lora_alpha": 16.0,
  "target_modules": "all",
  "epochs": 50,
  "best_epoch": 50,
  "lora_params": 2048000,
  "pct_trainable": 0.885471215959512,
  "training_time_s": 5425.137995004654,
  "baseline": {
    "mse": 0.28345721030628773,
    "mae": 0.35954243029611127,
    "dir_acc": 0.47290640394088673
  },
  "finetuned": {
    "mse": 0.3339589351384893,
    "mae": 0.41768420700602144,
    "dir_acc": 0.4938423645320197
  },
  "mse_improvement_pct": -17.81634863958206,
  "mae_improvement_pct": -16.171047367629427,
  "dir_acc_improvement_pp": 2.0935960591132954,
  "train_losses": [
    0.4714807677268982,
    0.3689886093139648,
    0.259532690346241,
    0.20639383708437284,
    0.17857637584209443,
    0.15786211450894674,
    0.14419223537047704,
    0.13178835302591324,
    0.1232852311929067,
    0.11674374957879384,
    0.11013622666398684,
    0.10435804083943367,
    0.10044744655489922,
    0.09613258456190427,
    0.09292913585901261,
    0.08952268563210965,
    0.08678675271570682,
    0.08332872075339158,
    0.08009959814449151,
    0.07878326845665773,
    0.07628569605449835,
    0.07429991908371449,
    0.07210595726966858,
    0.07003850494821866,
    0.068814113860329,
    0.06707118459045887,
    0.06572464776535829,
    0.06449769077201685,
    0.06319465403755506,
    0.06207243263721466,
    0.06105668157339096,
    0.06017200618982315,
    0.05922519415616989,
    0.05836168882747491,
    0.05756918244063854,
    0.057014552876353264,
    0.0562633366137743,
    0.055753412420550985,
    0.055238589917620026,
    0.05481291155020396,
    0.0543867289274931,
    0.05399788568417231,
    0.05376259493331115,
    0.05349584922194481,
    0.05331634079416593,
    0.053124661967158315,
    0.05302524586518605,
    0.05290723246832689,
    0.052870738630493484,
    0.0527837227533261
  ],
  "val_losses": [
    0.40952584395805997,
    0.2865395322442055,
    0.22117795795202255,
    0.19281127800544104,
    0.17796684801578522,
    0.16267928605278334,
    0.16041180863976479,
    0.14446693658828735,
    0.13637184972564378,
    0.1311416712900003,
    0.127743162214756,
    0.12464289988080661,
    0.12214553480346997,
    0.11772209033370018,
    0.11283217556774616,
    0.11295000029106934,
    0.11067366351683934,
    0.10689039838810761,
    0.10558915014068286,
    0.10163412677745025,
    0.10211957494417827,
    0.09947608349223931,
    0.09741784570117791,
    0.09723790548741817,
    0.09572846318284671,
    0.09497477238376935,
    0.09360661481817563,
    0.09333377704024315,
    0.09233026144405206,
    0.09139531540373962,
    0.09123886314531167,
    0.09087084792554379,
    0.08976946274439494,
    0.08935589094956715,
    0.08898589573800564,
    0.0882886021087567,
    0.08780959621071815,
    0.0872255228459835,
    0.08725037860373656,
    0.08707350492477417,
    0.08696409935752551,
    0.08645325899124146,
    0.08646662098666032,
    0.08621276418368022,
    0.08620195773740609,
    0.0861300379037857,
    0.08606256917119026,
    0.08600475701193015,
    0.08595740360518296,
    0.08594207031031449
  ],
  "chart_paths": [
    "./results/lora/btc_usd_training_curves.png",
    "./results/lora/btc_usd_metrics_comparison.png",
    "./results/lora/btc_usd_forecast_windows.png",
    "./results/lora/btc_usd_error_analysis.png"
  ]
}