{
  "ettm2_h96": {
    "mse": 0.9324651343721979,
    "mae": 0.6837627608938124,
    "smape": 1.2939228741998898,
    "wape": 0.9050622495794353,
    "nrmse": 1.2781720227028726,
    "num_windows": 50,
    "num_elements": 4800,
    "time": 4.775125980377197,
    "dataset": "ettm2",
    "pred_len": 96,
    "context_len": 512,
    "k_examples": 3
  }
}