{
  "ticker": "BTC-USD",
  "context_len": 512,
  "pred_len": 30,
  "k_examples": 10,
  "methods": {
    "zero_shot": {
      "mse": 66109736.39520375,
      "mae": 6049.73699311756,
      "dir_acc": 0.5147783251231527
    },
    "lora": {
      "mse": 60802047.955078214,
      "mae": 5836.48093843006,
      "dir_acc": 0.5012315270935961
    },
    "icf": {
      "mse": 171359718.99797523,
      "mae": 10431.944445219495,
      "dir_acc": 0.4839901477832513
    },
    "icf_trained": {
      "mse": 74265109.14919515,
      "mae": 6896.145428757441,
      "dir_acc": 0.519704433497537
    }
  },
  "lora_weights": "results/lora_v7/btc_usd_lora.pt"
}