{
  "ettm2_h96": {
    "mse": 0.5273314666800775,
    "mae": 0.544879874658186,
    "smape": 1.1829466155407309,
    "wape": 0.7668574455479548,
    "nrmse": 1.0220113402464546,
    "num_windows": 3,
    "num_elements": 288,
    "time": 2.7112200260162354,
    "dataset": "ettm2",
    "pred_len": 96,
    "context_len": 512,
    "k_examples": 3
  }
}