{
  "ettm2_h96": {
    "mse": 235301779944557.66,
    "mae": 54018.56996307815,
    "smape": 0.976143318604072,
    "wape": 0.9999958437424713,
    "nrmse": 283.96689861693585,
    "num_windows": 840,
    "num_elements": 80640,
    "time": 229.78929710388184,
    "dataset": "ettm2",
    "pred_len": 96,
    "context_len": 512,
    "k_examples": 10
  },
  "ettm2_h192": {
    "mse": 235301779944557.9,
    "mae": 54018.67202099149,
    "smape": 1.087542098716543,
    "wape": 0.9999966459768156,
    "nrmse": 283.9665899244961,
    "num_windows": 420,
    "num_elements": 80640,
    "time": 120.06150889396667,
    "dataset": "ettm2",
    "pred_len": 192,
    "context_len": 512,
    "k_examples": 10
  },
  "ettm2_h336": {
    "mse": 474558211652890.3,
    "mae": 108944.59896523159,
    "smape": 1.1452159653631895,
    "wape": 0.9999991274193916,
    "nrmse": 199.95794411523158,
    "num_windows": 238,
    "num_elements": 79968,
    "time": 184.84104704856873,
    "dataset": "ettm2",
    "pred_len": 336,
    "context_len": 512,
    "k_examples": 10
  },
  "ettm1_h96": {
    "mse": 0.9031495569915299,
    "mae": 0.6147797030206787,
    "smape": 0.9214017925893659,
    "wape": 0.6942586618480745,
    "nrmse": 1.0732023690597756,
    "num_windows": 840,
    "num_elements": 80640,
    "time": 179.31068587303162,
    "dataset": "ettm1",
    "pred_len": 96,
    "context_len": 512,
    "k_examples": 10
  },
  "ettm1_h192": {
    "mse": 1.1542013798137063,
    "mae": 0.6979482543421686,
    "smape": 1.0364735031259045,
    "wape": 0.7681708893816798,
    "nrmse": 1.1824299304089758,
    "num_windows": 420,
    "num_elements": 80640,
    "time": 158.48514819145203,
    "dataset": "ettm1",
    "pred_len": 192,
    "context_len": 512,
    "k_examples": 10
  },
  "ettm1_h336": {
    "mse": 1.3189497336563611,
    "mae": 0.734566102706198,
    "smape": 1.052703913316134,
    "wape": 0.7845910255121513,
    "nrmse": 1.2266666976353235,
    "num_windows": 238,
    "num_elements": 79968,
    "time": 219.20138907432556,
    "dataset": "ettm1",
    "pred_len": 336,
    "context_len": 512,
    "k_examples": 10
  },
  "etth2_h96": {
    "mse": 1.2528544302447777,
    "mae": 0.7236196264878609,
    "smape": 1.0292337555979258,
    "wape": 0.7687525870393976,
    "nrmse": 1.1891223974488467,
    "num_windows": 210,
    "num_elements": 20160,
    "time": 54.29729413986206,
    "dataset": "etth2",
    "pred_len": 96,
    "context_len": 512,
    "k_examples": 10
  },
  "etth2_h192": {
    "mse": 1.7740077393345848,
    "mae": 0.8818820149031175,
    "smape": 1.2078110000382247,
    "wape": 0.8778308275447818,
    "nrmse": 1.3258002533144961,
    "num_windows": 105,
    "num_elements": 20160,
    "time": 50.18839502334595,
    "dataset": "etth2",
    "pred_len": 192,
    "context_len": 512,
    "k_examples": 10
  },
  "etth2_h336": {
    "mse": 2.1298455781522114,
    "mae": 0.9563462731442735,
    "smape": 1.2778700473782052,
    "wape": 0.9203859865937135,
    "nrmse": 1.4045230993765108,
    "num_windows": 56,
    "num_elements": 18816,
    "time": 54.960132122039795,
    "dataset": "etth2",
    "pred_len": 336,
    "context_len": 512,
    "k_examples": 10
  },
  "etth1_h96": {
    "mse": 0.7869961541953662,
    "mae": 0.6065780079195183,
    "smape": 0.94642347985848,
    "wape": 0.7208106461939272,
    "nrmse": 1.0541947207524653,
    "num_windows": 210,
    "num_elements": 20160,
    "time": 56.36053681373596,
    "dataset": "etth1",
    "pred_len": 96,
    "context_len": 512,
    "k_examples": 10
  },
  "etth1_h192": {
    "mse": 0.841954363897561,
    "mae": 0.6521738559604419,
    "smape": 1.0191968425252411,
    "wape": 0.7585511125953195,
    "nrmse": 1.067248961268687,
    "num_windows": 105,
    "num_elements": 20160,
    "time": 73.86868190765381,
    "dataset": "etth1",
    "pred_len": 192,
    "context_len": 512,
    "k_examples": 10
  },
  "etth1_h336": {
    "mse": 0.9297070960167478,
    "mae": 0.6802884335425959,
    "smape": 1.0569465150481856,
    "wape": 0.7965056075213244,
    "nrmse": 1.1289347035407749,
    "num_windows": 56,
    "num_elements": 18816,
    "time": 73.81656002998352,
    "dataset": "etth1",
    "pred_len": 336,
    "context_len": 512,
    "k_examples": 10
  }
}