{
  "ettm2_h96": {
    "mse": 1.628172552046021,
    "mae": 0.8140415433303235,
    "smape": 1.2733735372114623,
    "wape": 0.8677995242845522,
    "nrmse": 1.360263526589209,
    "num_windows": 840,
    "num_elements": 80640,
    "time": 80.87609887123108,
    "dataset": "ettm2",
    "pred_len": 96,
    "context_len": 512,
    "k_examples": 10
  },
  "ettm2_h192": {
    "mse": 2.0780412383468976,
    "mae": 0.9349467744221174,
    "smape": 1.4279208068400293,
    "wape": 0.9379718152442962,
    "nrmse": 1.4462054102597588,
    "num_windows": 420,
    "num_elements": 80640,
    "time": 52.892922163009644,
    "dataset": "ettm2",
    "pred_len": 192,
    "context_len": 512,
    "k_examples": 10
  },
  "ettm2_h336": {
    "mse": 4.098709315377657,
    "mae": 1.094910191647489,
    "smape": 1.5279197811875962,
    "wape": 0.9793105089448452,
    "nrmse": 1.810779111731605,
    "num_windows": 238,
    "num_elements": 79968,
    "time": 61.755979776382446,
    "dataset": "ettm2",
    "pred_len": 336,
    "context_len": 512,
    "k_examples": 10
  },
  "ettm1_h96": {
    "mse": 1.3031305356486476,
    "mae": 0.7977955939337059,
    "smape": 1.2740882206209079,
    "wape": 0.9009349169042554,
    "nrmse": 1.289127123650891,
    "num_windows": 840,
    "num_elements": 80640,
    "time": 125.30371499061584,
    "dataset": "ettm1",
    "pred_len": 96,
    "context_len": 512,
    "k_examples": 10
  },
  "ettm1_h192": {
    "mse": 1.5762728467991125,
    "mae": 0.8665346863526968,
    "smape": 1.3470973721096797,
    "wape": 0.9537192987929848,
    "nrmse": 1.3818163157589751,
    "num_windows": 420,
    "num_elements": 80640,
    "time": 83.67173194885254,
    "dataset": "ettm1",
    "pred_len": 192,
    "context_len": 512,
    "k_examples": 10
  },
  "ettm1_h336": {
    "mse": 1.7330518136362285,
    "mae": 0.895116122570876,
    "smape": 1.4151392325248595,
    "wape": 0.9560747126429676,
    "nrmse": 1.4061065316235366,
    "num_windows": 238,
    "num_elements": 79968,
    "time": 99.64002513885498,
    "dataset": "ettm1",
    "pred_len": 336,
    "context_len": 512,
    "k_examples": 10
  },
  "etth2_h96": {
    "mse": 1.4094545275936576,
    "mae": 0.8390055185190424,
    "smape": 1.3679344238397884,
    "wape": 0.8913352249706552,
    "nrmse": 1.2612517650690198,
    "num_windows": 210,
    "num_elements": 20160,
    "time": 48.85529088973999,
    "dataset": "etth2",
    "pred_len": 96,
    "context_len": 512,
    "k_examples": 10
  },
  "etth2_h192": {
    "mse": 1.8800699660354108,
    "mae": 0.9557584566043708,
    "smape": 1.4940703112874123,
    "wape": 0.9513678953199457,
    "nrmse": 1.364857618150193,
    "num_windows": 105,
    "num_elements": 20160,
    "time": 48.65778875350952,
    "dataset": "etth2",
    "pred_len": 192,
    "context_len": 512,
    "k_examples": 10
  },
  "etth2_h336": {
    "mse": 2.266311405097814,
    "mae": 1.0364790131193864,
    "smape": 1.5676490636650515,
    "wape": 0.9975055953084581,
    "nrmse": 1.4488206249003808,
    "num_windows": 56,
    "num_elements": 18816,
    "time": 27.769706964492798,
    "dataset": "etth2",
    "pred_len": 336,
    "context_len": 512,
    "k_examples": 10
  },
  "etth1_h96": {
    "mse": 0.9747448377071015,
    "mae": 0.7101732987241592,
    "smape": 1.2213788664368297,
    "wape": 0.8439153200898024,
    "nrmse": 1.1732214735771451,
    "num_windows": 210,
    "num_elements": 20160,
    "time": 37.77954816818237,
    "dataset": "etth1",
    "pred_len": 96,
    "context_len": 512,
    "k_examples": 10
  },
  "etth1_h192": {
    "mse": 1.0677926979285661,
    "mae": 0.7504731162874658,
    "smape": 1.281160578214078,
    "wape": 0.8728841418779157,
    "nrmse": 1.2018905968339015,
    "num_windows": 105,
    "num_elements": 20160,
    "time": 37.26497793197632,
    "dataset": "etth1",
    "pred_len": 192,
    "context_len": 512,
    "k_examples": 10
  },
  "etth1_h336": {
    "mse": 1.171467317148354,
    "mae": 0.792680924275456,
    "smape": 1.3815915177563454,
    "wape": 0.9280986846693804,
    "nrmse": 1.267245735495633,
    "num_windows": 56,
    "num_elements": 18816,
    "time": 31.902039051055908,
    "dataset": "etth1",
    "pred_len": 336,
    "context_len": 512,
    "k_examples": 10
  }
}