{
  "etth1_h96": {
    "mse": 0.9052441902500862,
    "mae": 0.6888818046276726,
    "smape": 1.0959502657492453,
    "wape": 0.7930711709004449,
    "nrmse": 1.0953434668035744,
    "num_windows": 10,
    "num_elements": 960,
    "time": 2.386162757873535,
    "dataset": "etth1",
    "pred_len": 96,
    "context_len": 512,
    "k_examples": 3
  }
}