{
  "etth1_h96": {
    "mse": 0.6882546240579711,
    "mae": 0.5690745507050202,
    "smape": 0.8775108051865809,
    "wape": 0.655143767046775,
    "nrmse": 0.9550849867548449,
    "num_windows": 10,
    "num_elements": 960,
    "time": 3.7484090328216553,
    "dataset": "etth1",
    "pred_len": 96,
    "context_len": 512,
    "k_examples": 3
  }
}