{
  "etth1_h96": {
    "mse": 0.8476758953878182,
    "mae": 0.5877899380675929,
    "smape": 0.7579505285897282,
    "wape": 0.618328554354814,
    "nrmse": 0.9685277578455536,
    "num_windows": 2,
    "num_elements": 192,
    "time": 1.7363879680633545,
    "dataset": "etth1",
    "pred_len": 96,
    "context_len": 512,
    "k_examples": 2
  }
}