{
  "ticker": "BTC-USD",
  "context_len": 512,
  "pred_len": 30,
  "k_examples": 10,
  "methods": {
    "zero_shot": {
      "mse": 66109736.39520375,
      "mae": 6049.73699311756,
      "dir_acc": 0.5147783251231527
    },
    "lora": {
      "mse": 60795485.10646237,
      "mae": 5828.089522879464,
      "dir_acc": 0.5073891625615763
    },
    "icf": {
      "mse": 73604180.51919185,
      "mae": 6584.3493954613095,
      "dir_acc": 0.5160098522167488
    },
    "icf_trained": {
      "mse": 74878653.16016744,
      "mae": 6617.01154203869,
      "dir_acc": 0.5258620689655171
    }
  },
  "lora_weights": "results/lora_v7/btc_usd_lora.pt"
}