{
  "ticker": "BTC-USD",
  "best_val_loss": 2475.8486890290915,
  "best_epoch": 1,
  "train_losses": [
    2410.4884656270347,
    2146.280995686849,
    2018.1244036356609,
    2046.4776496887207,
    1962.6664530436199,
    1856.2590742111206,
    1770.9760732650757
  ],
  "val_losses": [
    2475.8486890290915,
    2508.785059878701,
    2794.768439041941,
    2654.6254111842104,
    2736.926414088199,
    2689.0768528988488,
    3010.173731753701
  ],
  "checkpoint": "results/icf_trained/btc_usd_icf.pt"
}