{
  "noPE": {
    "mse": 98308626.74787237,
    "mae": 7854.717350260416,
    "n_windows": 12
  },
  "RoPE": {
    "mse": 61605426.700040825,
    "mae": 6197.500141059028,
    "n_windows": 12
  },
  "improvement": {
    "mse_reduction_pct": 37.33466864709906,
    "mae_reduction_pct": 21.09836847466504
  }
}