{
  "noPE": {
    "mse": 96455053.72373857,
    "mae": 7813.898296440973,
    "n_windows": 12
  },
  "RoPE": {
    "mse": 61836420.98353421,
    "mae": 6228.963704427083,
    "n_windows": 12
  },
  "improvement": {
    "mse_reduction_pct": 35.890947548852346,
    "mae_reduction_pct": 20.283532391710125
  }
}