{
  "ticker": "BTC-USD",
  "lora_rank": 4,
  "lora_alpha": 8.0,
  "target_modules": "all",
  "epochs": 30,
  "best_epoch": 5,
  "lora_params": 1024000,
  "pct_trainable": 0.442735607979756,
  "training_time_s": 15.73616361618042,
  "baseline": {
    "mse": 88332759.4137141,
    "mae": 6605.711430431547,
    "dir_acc": 0.48645320197044334
  },
  "finetuned": {
    "mse": 87126213.07180196,
    "mae": 6619.452553013393,
    "dir_acc": 0.4778325123152709
  },
  "mse_improvement_pct": 1.365910393743245,
  "mae_improvement_pct": -0.20801881412110457,
  "dir_acc_improvement_pp": -0.8620689655172431,
  "train_losses": [
    0.7990274656760065,
    0.7380676332272982,
    0.6795839259498998,
    0.6340060326221743,
    0.5953461237643894,
    0.5556973595368234,
    0.5179550767337021,
    0.4775703214108944,
    0.44895840710715246,
    0.4066512686641593
  ],
  "val_losses": [
    0.4173538001875083,
    0.4036871114124854,
    0.39237246910731,
    0.38693544392784435,
    0.38099089078605175,
    0.3844261970371008,
    0.38544576863447827,
    0.38776613771915436,
    0.39232080057263374,
    0.39303846657276154
  ],
  "chart_paths": [
    "./results/lora_final/btc_usd_training_curves.png",
    "./results/lora_final/btc_usd_metrics_comparison.png",
    "./results/lora_final/btc_usd_forecast_windows.png",
    "./results/lora_final/btc_usd_error_analysis.png"
  ]
}