{
  "ticker": "BTC-USD",
  "lora_rank": 4,
  "lora_alpha": 8.0,
  "target_modules": "all",
  "epochs": 30,
  "best_epoch": 5,
  "lora_params": 1024000,
  "pct_trainable": 0.442735607979756,
  "training_time_s": 15.589258670806885,
  "baseline": {
    "mse": 88332759.4137141,
    "mae": 6605.711430431547,
    "dir_acc": 0.48645320197044334
  },
  "finetuned": {
    "mse": 87060677.61945225,
    "mae": 6624.973767671131,
    "dir_acc": 0.47044334975369456
  },
  "mse_improvement_pct": 1.440101953912634,
  "mae_improvement_pct": -0.2916012520747574,
  "dir_acc_improvement_pp": -1.6009852216748777,
  "train_losses": [
    0.7989668120679102,
    0.7374086470196122,
    0.6836391852090233,
    0.6395826629902187,
    0.5906129320593256,
    0.556411083199476,
    0.5159533278722512,
    0.4741847283746067,
    0.4261621903432043,
    0.3832913541087979
  ],
  "val_losses": [
    0.41629316347340745,
    0.40319826019306976,
    0.39379844069480896,
    0.3843643758445978,
    0.37988549284636974,
    0.38166189193725586,
    0.3837307207286358,
    0.3892310330023368,
    0.39206487871706486,
    0.3934999282161395
  ],
  "chart_paths": [
    "./results/lora_final/btc_usd_training_curves.png",
    "./results/lora_final/btc_usd_metrics_comparison.png",
    "./results/lora_final/btc_usd_forecast_windows.png",
    "./results/lora_final/btc_usd_error_analysis.png"
  ]
}