{
  "ticker": "BTC-USD",
  "tickers_trained": [
    "BTC-USD",
    "ETH-USD",
    "SPY"
  ],
  "lora_rank": 8,
  "lora_alpha": 16.0,
  "target_modules": "attention",
  "lr": 1e-05,
  "epochs_configured": 50,
  "epochs_run": 21,
  "best_epoch": 6,
  "patience": 15,
  "lora_params": 1228800,
  "pct_trainable": 0.5312827295757071,
  "training_time_s": 444.6044502258301,
  "baseline": {
    "mse": 66109675.1341182,
    "mae": 6049.734444754465,
    "dir_acc": 0.5147783251231527
  },
  "finetuned": {
    "mse": 63562078.29116571,
    "mae": 5996.810398065476,
    "dir_acc": 0.48522167487684736
  },
  "mse_improvement_pct": 3.853591532229015,
  "mae_improvement_pct": 0.8748160298982627,
  "dir_acc_improvement_pp": -2.955665024630533,
  "train_losses": [
    1.845906039699912,
    1.7324843537062407,
    1.6729757860302925,
    1.6167654301971197,
    1.5650211293250322,
    1.5051529575139284,
    1.4478577394038439,
    1.3939102422446012,
    1.3553199991583824,
    1.3230421673506498,
    1.2938735838979483,
    1.2680203579366207,
    1.2457004869356751,
    1.2204538667574525,
    1.1996788997203112,
    1.1802883995696902,
    1.1613917406648397,
    1.142716114409268,
    1.1256936276331544,
    1.11125704087317,
    1.0981515953317285
  ],
  "val_losses": [
    1.2047057151794434,
    1.1797494888305664,
    1.166221022605896,
    1.1533300876617432,
    1.1481983661651611,
    1.1465377807617188,
    1.1478612422943115,
    1.153191328048706,
    1.1533416509628296,
    1.1549782752990723,
    1.1500329971313477,
    1.1489139795303345,
    1.1496058702468872,
    1.151721477508545,
    1.156833291053772,
    1.157596230506897,
    1.159919023513794,
    1.159637212753296,
    1.1597956418991089,
    1.160752534866333,
    1.16417396068573
  ],
  "chart_paths": [
    "./results/lora_v3/btc_usd_training_curves.png",
    "./results/lora_v3/btc_usd_metrics_comparison.png",
    "./results/lora_v3/btc_usd_forecast_windows.png",
    "./results/lora_v3/btc_usd_error_analysis.png"
  ]
}