{
  "ticker": "BTC-USD",
  "tickers_trained": [
    "BTC-USD",
    "ETH-USD",
    "SPY"
  ],
  "lora_rank": 4,
  "lora_alpha": 8.0,
  "target_modules": "attention",
  "lr": 1e-05,
  "epochs_configured": 60,
  "epochs_run": 42,
  "best_epoch": 17,
  "patience": 25,
  "lora_params": 614400,
  "pct_trainable": 0.26564136478785355,
  "training_time_s": 1068.6010217666626,
  "baseline": {
    "mse": 66109675.1341182,
    "mae": 6049.734444754465,
    "dir_acc": 0.5147783251231527
  },
  "finetuned": {
    "mse": 76778718.8187182,
    "mae": 6420.024772135416,
    "dir_acc": 0.4815270935960591
  },
  "mse_improvement_pct": -16.13839980752509,
  "mae_improvement_pct": -6.120769940604892,
  "dir_acc_improvement_pp": -3.3251231527093585,
  "train_losses": [
    1.858702288940549,
    1.783975163474679,
    1.7158804070204496,
    1.6701785363256931,
    1.633042011409998,
    1.5983152464032173,
    1.5536207873374224,
    1.5205162949860096,
    1.478404713794589,
    1.4381130579859018,
    1.401640996336937,
    1.376688053831458,
    1.3466621432453394,
    1.3288211226463318,
    1.3054905254393816,
    1.2849403154104948,
    1.267607974819839,
    1.2457084693014622,
    1.2316662659868598,
    1.2186123942956328,
    1.2058213474228978,
    1.1890862230211496,
    1.1776239480823278,
    1.1656293263658881,
    1.1539277788251638,
    1.143462852574885,
    1.1326742600649595,
    1.1228876113891602,
    1.1188800781965256,
    1.110158166848123,
    1.101526552811265,
    1.0942152524366975,
    1.0873375786468387,
    1.083379034884274,
    1.0756196724250913,
    1.071331144310534,
    1.0687310555949807,
    1.0641907174140215,
    1.0565225360915065,
    1.0544115230441093,
    1.0487922318279743,
    1.048396347090602
  ],
  "val_losses": [
    1.2167627811431885,
    1.1918931007385254,
    1.1783127784729004,
    1.1681877374649048,
    1.1556795835494995,
    1.1448452472686768,
    1.1377997398376465,
    1.1339564323425293,
    1.132638692855835,
    1.1327122449874878,
    1.1323142051696777,
    1.131968379020691,
    1.1311798095703125,
    1.1284178495407104,
    1.128211498260498,
    1.1269941329956055,
    1.1259088516235352,
    1.1278307437896729,
    1.1303002834320068,
    1.1308790445327759,
    1.1330300569534302,
    1.1312739849090576,
    1.134798288345337,
    1.1339198350906372,
    1.137963891029358,
    1.135061264038086,
    1.1357519626617432,
    1.1356794834136963,
    1.137231469154358,
    1.1353697776794434,
    1.138148546218872,
    1.1401151418685913,
    1.1368794441223145,
    1.139414668083191,
    1.1392326354980469,
    1.1396923065185547,
    1.1415901184082031,
    1.1411080360412598,
    1.1409989595413208,
    1.1428303718566895,
    1.1426719427108765,
    1.1429541110992432
  ],
  "chart_paths": [
    "./results/lora_v6/btc_usd_training_curves.png",
    "./results/lora_v6/btc_usd_metrics_comparison.png",
    "./results/lora_v6/btc_usd_forecast_windows.png",
    "./results/lora_v6/btc_usd_error_analysis.png"
  ]
}